{"cameraMode":{"drawMode":0,"name":"Shaded","section":"Shading Mode"},"sceneLighting":true,"audioPlay":false,"sceneViewState":{"showFog":true,"showMaterialUpdate":false,"showSkybox":true,"showFlares":true,"showImageEffects":true,"showParticleSystems":true},"in2DMode":false,"pivot":{"x":0.8080811500549316,"y":0.9274008274078369,"z":-1.42757248878479},"rotation":{"x":-0.10692755877971649,"y":0.8876293301582336,"z":-0.26035231351852419,"w":-0.3645522892475128},"size":5.249539852142334,"orthographic":false}