{"cameraMode":{"drawMode":0,"name":"Shaded","section":"Shading Mode"},"sceneLighting":true,"audioPlay":false,"sceneViewState":{"showFog":true,"showMaterialUpdate":false,"showSkybox":true,"showFlares":true,"showImageEffects":true,"showParticleSystems":true},"in2DMode":false,"pivot":{"x":1.8627004623413087,"y":4.010078430175781,"z":76.20036315917969},"rotation":{"x":-0.23654526472091676,"y":0.006410190835595131,"z":-0.0015599816106259823,"w":-0.9716116786003113},"size":32.070777893066409,"orthographic":false}