{"cameraMode":{"drawMode":0,"name":"Shaded","section":"Shading Mode"},"sceneLighting":false,"audioPlay":false,"sceneViewState":{"showFog":true,"showMaterialUpdate":false,"showSkybox":false,"showFlares":true,"showImageEffects":true,"showParticleSystems":true},"in2DMode":false,"pivot":{"x":5.960464477539063e-8,"y":1.0099999904632569,"z":10.119999885559082},"rotation":{"x":-0.31579938530921938,"y":-0.00797294545918703,"z":0.002653752686455846,"w":-0.9487918019294739},"size":4.8499908447265629,"orthographic":false}